HIP,Exo,Multi,discoverymethod,MaxPMass,StarMass
60202,2,1,Radial Velocity,17.1,2.6
74793,1,1,Radial Velocity,14.74,2.78
116076,1,1,Radial Velocity,3.559,1.78
79248,1,2,Radial Velocity,4.64,
96901,3,1,Radial Velocity,1.752,0.98
79540,1,1,Radial Velocity,4.32,1.22
103527,2,1,Radial Velocity,10.3,2.3
70791,1,1,Radial Velocity,0.91,0.99
50887,1,2,Radial Velocity,1.99,1.54
12184,4,1,Radial Velocity,9.88,1.16
42527,1,1,Radial Velocity,7.902,1.23
90344,2,1,Radial Velocity,3.88,0.98
53721,1,3,Radial Velocity,2.45,1.06
21547,3,1,Imaging,,1.65
113357,1,1,Radial Velocity,0.468,
43587,2,5,Radial Velocity,0.824,0.9
31039,1,1,Radial Velocity,2.4,1.7
64924,1,3,Radial Velocity,0.0161,0.91
31592,1,2,Radial Velocity,1.94,1.44
65721,1,1,Radial Velocity,7.49,1.11
11791,2,2,Radial Velocity,2.479,1.92
73136,1,1,Radial Velocity,1.31,1.44
12247,1,1,Radial Velocity,5.3,2.4
114855,3,1,Radial Velocity,3.2,1.4
30034,1,1,Imaging,13.5,
25486,1,1,Imaging,3.2,1.2
102409,1,3,Transit,,
104780,1,1,Radial Velocity,1.47,0.86
78407,1,1,Radial Velocity,1.11,1.1
12684,1,1,Radial Velocity,1.7,1.09
88617,1,1,Radial Velocity,10.4,0.82
27803,1,2,Radial Velocity,0.027,0.7
49067,1,2,Radial Velocity,0.045,0.74
90979,1,2,Radial Velocity,0.53,0.57
2247,1,1,Radial Velocity,5.1,0.74
10337,1,2,Radial Velocity,0.7,0.68
87937,1,1,Radial Velocity,0.00116,0.16
27305,1,4,Radial Velocity,0.07636,1.21
8501,1,1,Radial Velocity,0.437,1.44
28941,2,1,Radial Velocity,0.00812,0.87
96258,1,1,Radial Velocity,0.03839,1.25
116748,2,1,Transit,,
57050,1,2,Radial Velocity,0.298,0.34
16069,1,2,Transit,0.09637,0.76
1475,2,2,Radial Velocity,0.01683,0.38
19165,1,1,Radial Velocity,0.03209,0.69
19394,1,3,Radial Velocity,0.03335,
22627,1,1,Radial Velocity,0.752,0.39
22762,1,3,Radial Velocity,0.02611,0.43
34785,1,1,Radial Velocity,0.05097,0.62
29295,2,2,Radial Velocity,0.02287,0.58
31300,1,1,Transit,,0.42
33226,1,1,Radial Velocity,0.01259,0.36
3143,1,1,Radial Velocity,0.0409,0.53
36208,1,2,Radial Velocity,0.00909,0.29
1292,2,1,Radial Velocity,3.37,0.9
5812,1,1,Radial Velocity,0.0258,0.47
6365,1,1,Transit,0.01051,0.52
10037,1,3,Radial Velocity,0.0056,0.68
15799,2,1,Radial Velocity,0.036,0.89
43790,1,2,Radial Velocity,2.51,0.65
120005,2,1,Radial Velocity,0.03335,0.64
47103,1,3,Transit,,
47780,1,3,Transit,0.00199,0.46
51317,1,1,Radial Velocity,0.00538,0.43
79126,1,1,Radial Velocity,0.02246,0.63
84460,1,2,Radial Velocity,0.00777,0.5
54035,1,2,Radial Velocity,0.00846,0.39
54646,2,2,Radial Velocity,0.0322,0.69
55042,1,1,Radial Velocity,0.03115,0.35
56528,1,3,Radial Velocity,0.018,0.48
57087,1,1,Radial Velocity,,0.45
60398,1,1,Radial Velocity,1.55,0.49
61706,1,1,Radial Velocity,0.04153,0.45
62452,1,1,Radial Velocity,0.00872,0.31
64792,1,1,Imaging,4.0,1.22
65859,1,1,Radial Velocity,0.01636,0.51
68469,1,1,Radial Velocity,0.02051,0.51
74995,1,3,Radial Velocity,0.05223,0.31
80459,1,1,Radial Velocity,0.00887,0.3
83043,1,1,Radial Velocity,0.258,0.51
85523,1,1,Radial Velocity,0.035,0.35
85647,2,4,Radial Velocity,4.95,0.71
86057,2,1,Radial Velocity,25.1,0.46
86214,1,2,Radial Velocity,0.01384,0.27
86087,1,1,Radial Velocity,0.02832,0.55
86162,1,2,Radial Velocity,0.058,0.41
91128,2,1,Radial Velocity,0.04292,0.57
91608,1,1,Radial Velocity,0.03382,0.53
93101,1,1,Radial Velocity,0.00931,0.58
102401,1,2,Transit,,
106440,1,1,Radial Velocity,0.8,0.45
109388,1,2,Radial Velocity,0.891,0.5
10138,2,1,Radial Velocity,4.42,0.93
113020,1,4,Radial Velocity,2.6596,0.37
114046,1,2,Radial Velocity,0.01321,0.49
116132,2,1,Astrometry,2.26,0.44
116384,3,1,Imaging,11.0,1.08
60093,1,1,Radial Velocity,0.03744,0.62
11048,1,1,Radial Velocity,0.06186,0.6
99699,1,1,Radial Velocity,0.03036,0.59
103768,1,1,Radial Velocity,9.403,0.67
115752,1,3,Transit,0.01347,0.62
49189,1,1,Radial Velocity,0.04097,0.56
4872,2,1,Radial Velocity,0.01771,0.52
86287,1,1,Radial Velocity,0.02089,0.43
97657,1,2,Transit,,
80076,1,2,Transit,8.9,
32209,1,1,Transit,1.9,1.3
56379,1,1,Imaging,8.5,2.4
56508,2,1,Radial Velocity,1.61,2.28
56572,1,1,Radial Velocity,1.23,1.08
7599,1,6,Radial Velocity,0.04122,1.06
57172,2,1,Radial Velocity,0.25,0.57
57291,1,1,Radial Velocity,0.18,0.95
57370,1,1,Radial Velocity,0.49,0.92
57428,1,1,Radial Velocity,5.9,1.9
57467,1,2,Radial Velocity,5.9,1.95
57443,2,1,Radial Velocity,0.05,0.85
57735,1,1,Radial Velocity,0.35837,0.95
57820,2,1,Radial Velocity,0.96,1.68
57931,1,1,Radial Velocity,0.09,0.8
58237,1,1,Radial Velocity,0.62,0.79
58263,2,1,Radial Velocity,0.367,1.33
58331,1,1,Radial Velocity,2.89,1.28
58374,1,1,Radial Velocity,0.03524,0.77
58451,1,2,Radial Velocity,0.203,0.82
58952,1,1,Radial Velocity,5.559,1.22
59610,1,1,Radial Velocity,7.613,1.03
59625,1,1,Radial Velocity,10.13,1.39
7978,1,1,Radial Velocity,0.93,1.1
59743,2,1,Radial Velocity,9.518,0.93
59960,1,1,Imaging,12.95,1.32
8159,1,1,Radial Velocity,6.38,0.99
60081,2,2,Radial Velocity,0.203,1.11
60644,1,1,Radial Velocity,0.261,1.22
60648,1,1,Radial Velocity,3.0,0.74
60689,1,5,Transit,,
60788,2,1,Radial Velocity,3.5,0.84
61020,1,1,Radial Velocity,2.6,1.85
61028,1,2,Radial Velocity,1.36,0.99
61177,1,1,Radial Velocity,0.86,1.2
61300,1,2,Radial Velocity,0.054,1.05
61298,1,1,Radial Velocity,2.99,0.98
61595,2,1,Radial Velocity,0.28,1.2
61723,1,2,Transit,,1.08
61740,1,1,Radial Velocity,10.9,2.1
62662,2,1,Transit,,1.21
61820,1,2,Transit,0.01432,1.0
62039,1,1,Radial Velocity,27.099,1.02
62534,1,2,Radial Velocity,7.47,0.83
62653,1,1,Radial Velocity,4.4,1.94
62875,1,1,Radial Velocity,4.8,1.4
63090,1,1,Radial Velocity,15.83,1.4
63211,1,1,Radial Velocity,3.42,1.15
63203,1,1,Radial Velocity,5.0,1.8
63584,1,2,Radial Velocity,3.1,
8541,2,2,Radial Velocity,0.804,2.01
63833,1,2,Radial Velocity,0.36,0.58
64022,2,1,Radial Velocity,6.3,1.49
64184,1,1,Radial Velocity,8.0,1.47
64295,1,1,Radial Velocity,1.24,0.68
64459,2,1,Radial Velocity,0.825,0.94
64457,1,2,Radial Velocity,1.033,0.87
8770,1,3,Radial Velocity,4.8,1.22
64797,1,2,Radial Velocity,0.097,0.83
65042,1,1,Radial Velocity,8.29,1.18
65117,2,2,Radial Velocity,1.4,0.83
65808,1,1,Radial Velocity,2.06,1.04
9242,1,1,Radial Velocity,6.5,0.9
66047,1,1,Radial Velocity,0.16,1.05
66192,1,2,Radial Velocity,2.13,1.23
9094,2,2,Radial Velocity,0.622,0.91
8928,1,1,Radial Velocity,6.54,1.91
66903,1,1,Radial Velocity,6.4,2.16
68162,1,1,Radial Velocity,1.22,1.18
9519,1,1,Radial Velocity,2.98,1.01
69888,1,1,Radial Velocity,22.16,1.36
70170,1,1,Radial Velocity,0.02,0.29
70123,2,3,Radial Velocity,2.974,1.05
10800,1,1,Radial Velocity,1.96,0.67
70695,1,1,Radial Velocity,0.237,0.9
9683,1,2,Radial Velocity,2.176,1.02
70623,3,1,Radial Velocity,0.356,1.02
70950,1,1,Radial Velocity,0.086,0.73
71395,1,2,Radial Velocity,1.769,0.83
71481,1,1,Radial Velocity,0.89,0.65
72203,1,1,Radial Velocity,1.6,0.99
72339,1,1,Radial Velocity,1.149,0.93
72845,1,1,Radial Velocity,2.2,1.61
9960,1,1,Radial Velocity,3.31,1.35
10085,1,1,Radial Velocity,14.0,
73146,1,1,Radial Velocity,6.2,1.09
73261,3,1,Radial Velocity,1.49,1.23
73674,2,3,Radial Velocity,1.42,0.95
74273,1,2,Radial Velocity,0.0318,1.09
74653,1,5,Radial Velocity,0.0286,1.05
74500,1,2,Radial Velocity,1.61,1.1
74856,1,1,Radial Velocity,2.3,1.28
74326,1,1,Transit,,
74948,1,1,Radial Velocity,13.102,1.18
75181,1,3,Radial Velocity,0.01485,0.87
74961,1,1,Radial Velocity,2.0,1.33
75281,1,1,Radial Velocity,0.84,0.88
76351,1,1,Radial Velocity,0.2,0.68
10301,1,2,Radial Velocity,0.03524,0.77
10743,1,2,Radial Velocity,0.865,1.29
10626,1,1,Radial Velocity,1.92,1.02
76311,1,1,Radial Velocity,19.871,2.69
1419,1,1,Transit,,1.32
10657,1,1,Radial Velocity,7.8,2.4
77358,1,2,Radial Velocity,0.049,0.99
77257,1,1,Radial Velocity,0.0429,1.05
77301,1,4,Radial Velocity,0.46,1.14
77740,1,1,Radial Velocity,9.316,1.03
522,2,3,Radial Velocity,0.26,1.21
79242,2,1,Radial Velocity,5.1,0.99
77783,3,1,Radial Velocity,1.9,1.69
78169,1,1,Radial Velocity,1.62,1.03
77838,1,1,Radial Velocity,1.21,1.51
78521,1,1,Radial Velocity,3.532,0.97
79346,1,1,Radial Velocity,5.76,1.12
79219,1,1,Radial Velocity,1.89,1.0
1499,1,2,Radial Velocity,0.024,1.02
80250,1,2,Radial Velocity,2.12,0.93
79755,2,1,Radial Velocity,0.07771,0.58
80337,2,1,Radial Velocity,1.21,1.11
11130,1,1,Radial Velocity,1.121,1.43
80486,2,2,Radial Velocity,5.14,1.38
80680,1,1,Radial Velocity,0.85,1.22
80484,1,2,Radial Velocity,1.23,1.21
80687,1,1,Radial Velocity,1.3,1.64
80838,1,1,Radial Velocity,0.359,1.29
81022,1,1,Radial Velocity,1.36,1.1
81375,1,1,Radial Velocity,12.597,0.93
1547,1,1,Radial Velocity,3.1,1.61
80902,1,1,Radial Velocity,2.71,1.17
82632,1,1,Radial Velocity,3.0,1.02
82651,1,1,Radial Velocity,1.5,0.93
11433,1,2,Transit,,
83020,1,3,Radial Velocity,0.064,0.79
83547,1,1,Radial Velocity,2.73,1.12
83541,1,1,Radial Velocity,0.02077,0.91
83389,1,1,Radial Velocity,1.15,0.89
83289,1,1,Radial Velocity,9.1,2.07
83983,1,1,Radial Velocity,4.73,1.08
84069,1,2,Radial Velocity,1.8,0.99
83949,1,2,Radial Velocity,0.99,1.15
84988,1,2,Radial Velocity,0.024,1.03
84171,1,2,Radial Velocity,9.71,0.93
84787,1,1,Radial Velocity,0.74,1.25
84607,1,2,Radial Velocity,0.0158,0.79
84856,2,1,Radial Velocity,10.67,1.38
85294,1,1,Radial Velocity,1.53,1.3
85268,1,5,Radial Velocity,,
84769,1,1,Radial Velocity,14.0,1.8
85911,1,2,Radial Velocity,1.13,1.12
86375,1,2,Radial Velocity,2.218,1.19
1640,1,2,Radial Velocity,0.96,1.31
86796,1,4,Radial Velocity,1.7,1.08
12048,2,1,Radial Velocity,0.26,1.11
12191,1,1,Radial Velocity,4.4,1.29
87330,1,1,Radial Velocity,9.84,0.42
87601,1,2,Radial Velocity,0.79,1.12
12186,2,1,Radial Velocity,0.0696,1.2
88268,2,1,Radial Velocity,0.48,1.13
88194,2,1,Radial Velocity,0.05078,0.99
88414,1,1,Radial Velocity,14.3,
88348,1,4,Radial Velocity,0.33855,0.87
88595,1,1,Radial Velocity,19.0,1.1
88650,1,1,Radial Velocity,2.89,1.02
1666,1,1,Radial Velocity,6.43,1.5
89354,1,1,Radial Velocity,3.53,0.81
89047,1,1,Radial Velocity,1.7,1.64
89583,1,1,Radial Velocity,3.7,1.0
89474,1,1,Radial Velocity,0.03,0.99
89844,1,2,Radial Velocity,7.48,
90004,1,1,Radial Velocity,0.27,1.07
1692,1,1,Radial Velocity,6.1,1.09
12436,1,1,Radial Velocity,11.3,0.85
90485,1,2,Radial Velocity,2.94,1.4
90593,2,1,Radial Velocity,0.555,1.13
91085,1,1,Radial Velocity,2.72,0.96
13192,1,1,Radial Velocity,3.12,1.2
91852,1,1,Radial Velocity,2.7,2.0
93281,1,1,Radial Velocity,9.5,
92895,1,1,Radial Velocity,0.598,1.39
93373,1,1,Radial Velocity,0.02825,0.71
13291,1,1,Radial Velocity,0.87,0.98
93540,1,2,Radial Velocity,0.01806,0.79
93858,1,1,Radial Velocity,0.04751,1.0
93746,2,2,Radial Velocity,1.348,1.32
94075,3,1,Radial Velocity,7.07,1.03
94256,1,1,Radial Velocity,0.0866,1.15
94645,1,1,Radial Velocity,0.84,1.24
94465,1,1,Radial Velocity,2.194,1.75
13467,1,1,Radial Velocity,3.18,1.49
94576,1,1,Radial Velocity,22.0,2.6
94761,2,1,Radial Velocity,0.03839,0.45
94951,2,1,Radial Velocity,1.6,1.52
95015,1,1,Radial Velocity,9.1,0.97
95124,1,1,Radial Velocity,2.9,1.89
13642,1,2,Radial Velocity,0.034,0.85
95467,1,3,Radial Velocity,0.02,0.63
95262,1,1,Radial Velocity,0.37,0.92
95740,1,2,Radial Velocity,3.635,1.06
96160,1,1,Transit,0.06419,1.0
14417,1,1,Radial Velocity,21.0,1.84
96507,3,1,Radial Velocity,1.01,1.3
96861,1,1,Radial Velocity,1.3,0.8
13754,2,1,Transit,0.07583,0.86
97546,1,1,Radial Velocity,0.836,1.19
97336,1,2,Radial Velocity,0.52,1.0
13993,1,1,Radial Velocity,2.7,1.6
97769,2,1,Radial Velocity,1.26,1.08
98959,1,2,Radial Velocity,0.02674,0.83
98505,2,1,Radial Velocity,1.17,0.84
98698,1,1,Radial Velocity,0.05179,0.77
98714,1,1,Radial Velocity,5.03,1.42
98767,2,2,Radial Velocity,1.49501,0.98
99115,1,1,Radial Velocity,1.985,1.07
99496,1,1,Radial Velocity,3.1,0.91
99306,1,1,Radial Velocity,8.52,1.14
99175,1,6,Transit,0.0302,0.82
99711,1,1,Radial Velocity,0.72,0.75
99825,1,2,Radial Velocity,0.06796,0.85
99894,1,1,Radial Velocity,2.096,1.38
100970,2,1,Radial Velocity,3.7,1.03
101806,3,1,Radial Velocity,3.02,1.1
102125,2,1,Radial Velocity,12.5,1.26
101966,2,1,Radial Velocity,2.96,1.33
101948,2,1,Radial Velocity,0.79,1.11
104436,1,1,Radial Velocity,0.136,1.04
14954,3,1,Radial Velocity,1.68,1.34
14530,1,2,Radial Velocity,0.0367,0.88
104202,1,2,Radial Velocity,1.599,1.39
104903,2,1,Radial Velocity,2.421,1.15
105056,1,2,Radial Velocity,1.996,1.91
105232,1,1,Imaging,11.0,
15249,1,1,Transit,0.02335,0.9
1931,1,1,Radial Velocity,6.11,
106006,1,3,Radial Velocity,3.55,1.02
106353,2,1,Radial Velocity,0.23,0.58
106824,1,1,Radial Velocity,1.37,1.22
107160,1,1,Radial Velocity,0.1076,1.42
107251,1,1,Radial Velocity,2.56,1.93
108162,1,1,Transit,,
15526,2,5,Radial Velocity,0.0061,0.7
15527,2,5,Radial Velocity,1.43,1.02
107985,3,2,Radial Velocity,0.56,0.94
107038,1,1,Transit,0.04657,0.82
15510,1,4,Radial Velocity,0.0085,0.7
108375,1,1,Radial Velocity,0.45,0.95
108296,1,1,Radial Velocity,9.9,1.6
15578,1,1,Radial Velocity,1.25,0.39
108513,1,1,Radial Velocity,1.4,1.25
108859,1,1,Radial Velocity,,1.12
109381,1,1,Radial Velocity,0.4817,1.04
109378,1,1,Radial Velocity,1.23,0.92
109577,1,1,Radial Velocity,1.9,1.68
109876,1,1,Radial Velocity,5.54,1.2
110094,1,1,Radial Velocity,0.67,1.03
110443,1,1,Radial Velocity,0.0409,0.61
110852,2,1,Radial Velocity,0.45,1.27
110813,1,1,Radial Velocity,2.39,1.56
111143,2,1,Radial Velocity,5.58,1.57
111136,1,1,Radial Velocity,3.5,1.05
111553,1,2,Transit,,
16012,1,1,Radial Velocity,0.20734,0.89
111928,2,1,Radial Velocity,19.2,1.22
112190,1,4,Radial Velocity,0.00572,0.77
16038,1,1,Transit,0.05569,1.09
112441,1,2,Radial Velocity,0.02,0.87
113044,1,1,Radial Velocity,1.26,1.3
113137,1,1,Radial Velocity,3.88,1.17
112527,1,2,Radial Velocity,0.03228,0.82
113238,1,1,Radial Velocity,0.65,0.9
16085,1,2,Radial Velocity,0.0259,0.8
113421,1,2,Radial Velocity,1.33,1.02
113834,2,2,Radial Velocity,13.852,1.14
114322,1,1,Radial Velocity,0.2,0.76
114699,1,1,Radial Velocity,10.57,1.05
114622,1,6,Radial Velocity,,0.81
115100,1,2,Radial Velocity,0.066,1.18
115218,1,1,Radial Velocity,11.1,1.2
115359,1,1,Radial Velocity,0.2,0.91
115662,1,1,Radial Velocity,1.2,1.04
115697,1,1,Radial Velocity,1.45,1.16
115714,2,1,Radial Velocity,3.18,1.13
116084,1,1,Radial Velocity,3.09,1.25
116158,1,1,Transit,,
116250,1,1,Radial Velocity,22.0,1.34
116221,1,1,Radial Velocity,1.61,1.19
116630,1,1,Radial Velocity,1.56,1.07
116616,1,1,Radial Velocity,2.12,1.21
116745,1,1,Radial Velocity,5.19,0.76
116906,2,1,Radial Velocity,7.75,0.99
118228,1,1,Radial Velocity,6.531,1.23
118319,1,1,Radial Velocity,0.7,1.31
16711,1,1,Radial Velocity,0.01753,0.68
17187,1,1,Radial Velocity,13.65,0.75
17047,1,3,Transit,0.0836,1.1
17096,1,1,Radial Velocity,2.45,1.01
17054,1,1,Radial Velocity,1.64,1.42
96078,1,1,Radial Velocity,1.08,1.14
55806,2,1,Radial Velocity,2.72,0.82
17264,1,5,Transit,,
98668,1,1,Transit,,
17747,2,1,Radial Velocity,8.1,1.1
59514,1,1,Radial Velocity,0.02168,0.58
91388,1,1,Radial Velocity,6.0,1.47
114840,1,1,Radial Velocity,5.3,1.69
17960,1,2,Radial Velocity,4.1,1.03
18451,1,1,Radial Velocity,9.4,1.0
17515,1,1,Radial Velocity,0.03713,1.22
18527,1,1,Radial Velocity,9.077,0.86
18387,2,1,Radial Velocity,0.915,1.08
18893,1,2,Transit,,
19011,1,1,Radial Velocity,2.5,2.12
31635,1,2,Transit,0.00673,0.44
19428,1,1,Radial Velocity,28.46,1.12
2350,3,1,Radial Velocity,0.42,0.77
19921,2,1,Radial Velocity,1.35,1.2
20199,1,1,Radial Velocity,1.494,0.94
20277,1,3,Radial Velocity,0.619,0.81
20753,1,1,Radial Velocity,4.8,1.16
20723,1,2,Radial Velocity,5.7,0.99
20606,2,1,Radial Velocity,1.16,1.06
19176,2,1,Imaging,28.26,
19207,1,1,Radial Velocity,0.917,0.73
21932,1,1,Radial Velocity,0.0285,0.51
21109,1,1,Radial Velocity,2.55,3.16
21571,1,1,Radial Velocity,4.47,0.86
25191,1,1,Radial Velocity,2.43,0.84
2611,1,1,Radial Velocity,1.37,1.97
21850,1,2,Radial Velocity,8.622,1.05
22336,1,1,Radial Velocity,1.47,1.22
22320,1,1,Radial Velocity,0.47,0.92
22491,2,1,Radial Velocity,1.547,1.17
22826,1,1,Radial Velocity,0.62,1.7
22905,1,3,Radial Velocity,0.0329,0.96
2736,1,4,Transit,0.01564,0.84
24003,1,1,Radial Velocity,3.04,1.13
23884,1,1,Radial Velocity,2.07,1.03
77517,1,1,Radial Velocity,0.62,0.7
23844,1,3,Radial Velocity,1.3,1.48
23889,2,1,Radial Velocity,0.33,1.24
25110,1,1,Radial Velocity,9.1,1.25
24275,1,2,Radial Velocity,2.01,1.84
24681,1,6,Radial Velocity,0.82,1.14
25883,1,1,Radial Velocity,3.76,1.15
26638,1,1,Radial Velocity,6.6,1.14
3093,1,1,Radial Velocity,0.2,0.9
26381,1,3,Radial Velocity,0.624,0.78
26664,1,2,Radial Velocity,,0.92
3206,1,1,Radial Velocity,0.173,0.85
26380,1,1,Radial Velocity,0.34,1.08
27253,2,2,Radial Velocity,0.797,1.41
27384,1,1,Radial Velocity,12.12,1.64
26394,1,3,Radial Velocity,12.6,1.07
27080,1,3,Radial Velocity,0.01259,0.67
27922,1,1,Radial Velocity,0.02674,0.87
27887,1,5,Radial Velocity,0.01259,0.79
28951,1,1,Radial Velocity,2.7,2.0
28767,3,1,Radial Velocity,3.8,1.23
28393,2,2,Radial Velocity,2.54,
3391,3,1,Radial Velocity,1.56,0.99
29242,1,1,Radial Velocity,1.6,0.83
3502,1,2,Radial Velocity,1.822,1.14
3479,1,1,Radial Velocity,0.771,0.85
29432,1,1,Radial Velocity,0.04531,1.01
29442,1,3,Transit,,
3497,1,1,Radial Velocity,0.0442,0.83
3574,1,1,Radial Velocity,2.99,2.47
29550,1,2,Radial Velocity,0.6,0.96
30057,3,1,Radial Velocity,2.55,1.32
30114,1,1,Radial Velocity,0.58,1.2
30503,1,2,Radial Velocity,0.0375,1.01
30860,1,1,Radial Velocity,1.821,1.05
30579,1,2,Radial Velocity,0.1893,0.82
30905,1,1,Radial Velocity,0.433,0.92
31246,2,1,Radial Velocity,0.2266,0.93
31540,1,2,Radial Velocity,0.07,0.96
3834,2,2,Radial Velocity,1.986,1.39
31674,1,2,Radial Velocity,1.75,1.81
31688,1,1,Radial Velocity,7.32,2.1
3869,1,1,Radial Velocity,13.9,1.05
31895,1,1,Radial Velocity,1.525,1.31
32769,1,3,Radial Velocity,0.01535,0.69
3975,1,1,Radial Velocity,1.615,1.32
32916,1,1,Radial Velocity,0.105,1.06
32970,1,2,Radial Velocity,1.346,1.25
33212,1,1,Radial Velocity,5.85,1.1
33229,1,2,Radial Velocity,0.0402,0.8
33719,1,1,Radial Velocity,1.05,1.18
3911,1,2,Transit,0.02454,1.13
4297,1,2,Radial Velocity,1.71,1.44
34801,1,1,Radial Velocity,3.87,1.29
4552,2,1,Radial Velocity,1.681,1.53
801,1,1,Radial Velocity,0.33,0.96
4715,1,1,Radial Velocity,7.63,1.93
36616,2,1,Radial Velocity,6.92,1.9
37196,1,1,Radial Velocity,6.5,1.7
36795,1,2,Radial Velocity,1.06,1.5
36941,1,2,Radial Velocity,19.0,1.3
37826,1,1,Radial Velocity,2.63,2.0
38228,1,3,Transit,,0.99
37284,1,1,Radial Velocity,0.25,0.42
38041,1,1,Radial Velocity,0.64,0.86
38374,1,2,Transit,0.03304,0.94
38392,1,1,Radial Velocity,0.056,0.95
5054,1,1,Radial Velocity,0.49,1.1
38558,3,2,Radial Velocity,1.21,0.92
39311,1,1,Radial Velocity,6.0,1.1
39417,1,2,Radial Velocity,3.194,1.01
39767,1,2,Radial Velocity,3.06,1.36
5301,1,1,Radial Velocity,1.56,0.96
39589,1,1,Radial Velocity,3.07,1.12
5447,1,1,Radial Velocity,28.26,2.49
40687,1,2,Radial Velocity,1.97,1.28
40344,1,1,Radial Velocity,3.09,1.68
40693,1,3,Radial Velocity,0.0323,0.89
40952,1,1,Radial Velocity,2.0,1.0
5529,1,1,Radial Velocity,0.29,0.89
41997,1,1,Radial Velocity,1.768,1.21
42030,1,2,Radial Velocity,2.99,1.07
42098,1,1,Radial Velocity,5.45,1.02
42214,1,1,Radial Velocity,16.0,1.0
42202,1,2,Radial Velocity,4.158,0.93
42403,1,1,Transit,,
42282,1,2,Radial Velocity,3.08,1.14
42446,1,1,Radial Velocity,1.112,1.16
42401,1,2,Transit,0.05003,0.7
42723,1,2,Radial Velocity,1.86,1.27
5806,2,1,Radial Velocity,1.38,1.14
42532,1,2,Radial Velocity,0.07,1.04
43177,2,1,Radial Velocity,0.49,1.29
43297,1,1,Radial Velocity,5.4,1.06
43569,1,2,Radial Velocity,1.0,1.26
43674,1,2,Radial Velocity,2.55,1.29
43686,1,1,Radial Velocity,0.233,1.13
43803,1,1,Radial Velocity,3.57,1.22
44291,1,1,Radial Velocity,0.05,0.93
44746,1,1,Transit,0.0343,1.2
6379,1,3,Radial Velocity,0.02,0.65
45406,2,1,Radial Velocity,1.34,1.06
45982,2,1,Radial Velocity,4.114,1.02
46022,1,1,Radial Velocity,5.67,1.08
46076,1,1,Radial Velocity,6.768,1.03
46471,1,1,Radial Velocity,2.7,2.1
47193,1,2,Radial Velocity,27.1,4.3
47087,1,1,Radial Velocity,1.3,1.06
47007,1,2,Radial Velocity,1.539,1.15
6390,1,1,Radial Velocity,0.20955,0.8
47202,1,2,Radial Velocity,0.34,0.79
6511,2,1,Radial Velocity,0.68,1.13
48235,1,1,Radial Velocity,0.11,0.54
6643,1,1,Radial Velocity,1.766,1.09
48711,2,1,Radial Velocity,1.48,1.21
48739,1,2,Radial Velocity,0.92,1.06
48780,1,1,Radial Velocity,9.808,1.26
6702,2,1,Radial Velocity,13.248,1.28
49129,1,1,Radial Velocity,3.6,1.66
49522,3,1,Radial Velocity,12.4,1.12
49699,1,1,Radial Velocity,5.409,0.81
49813,1,1,Radial Velocity,0.2845,1.26
50316,1,1,Radial Velocity,0.05412,1.25
50473,1,1,Radial Velocity,2.61,1.09
50496,1,1,Transit,0.11232,1.12
50786,2,1,Radial Velocity,8.44,1.56
50653,1,1,Radial Velocity,5.2,1.3
50921,1,1,Radial Velocity,0.0371,0.86
6993,1,1,Radial Velocity,1.11,1.03
52409,1,2,Radial Velocity,3.34,1.06
52521,1,1,Radial Velocity,0.37,0.7
7245,1,2,Radial Velocity,0.7,1.0
53437,1,1,Radial Velocity,0.53,1.2
53545,1,1,Radial Velocity,1.26,1.11
53524,1,1,Imaging,5.0,1.6
53666,1,2,Radial Velocity,1.2,1.58
53733,1,1,Radial Velocity,5.01,1.2
53719,1,1,Radial Velocity,0.13353,0.83
54203,1,1,Radial Velocity,7.74,1.09
54158,1,1,Radial Velocity,0.9,1.02
54232,1,1,Radial Velocity,20.96,10.94
54195,2,1,Radial Velocity,0.8,1.67
54400,1,3,Radial Velocity,0.028,0.89
54595,1,1,Radial Velocity,1.14,0.96
54413,1,1,Disk Kinematics,2.5,2.4
54906,1,1,Radial Velocity,0.0247,0.77
55174,1,1,Radial Velocity,1.964,1.41
55409,1,1,Radial Velocity,6.79,1.03
55486,2,1,Radial Velocity,2.33,0.92
55664,1,1,Radial Velocity,0.474,0.97
55848,2,2,Radial Velocity,0.109,0.85
55994,1,2,Radial Velocity,1.23,1.46
105854,1,1,Radial Velocity,8.2,2.1
107772,1,1,Radial Velocity,0.04059,0.63
107773,1,1,Radial Velocity,1.98,2.42
109384,1,1,Radial Velocity,1.56,0.78
109600,2,1,Radial Velocity,2.68,0.87
113103,1,2,Transit,,0.76
114933,1,1,Radial Velocity,1.94,1.39
116454,2,1,Transit,0.03178,0.76
12961,1,1,Radial Velocity,0.36,0.69
14810,1,3,Radial Velocity,3.88,0.99
19976,1,1,Radial Velocity,0.068,0.67
21152,2,1,Imaging,27.8,1.3
34222,1,1,Radial Velocity,0.83,0.62
35173,1,1,Radial Velocity,0.03996,0.79
35965,1,1,Radial Velocity,8.149,0.78
38594,2,2,Radial Velocity,0.02549,0.61
39017,1,1,Imaging,23.6,1.52
41378,1,5,Transit,,1.17
4845,1,1,Radial Velocity,0.04531,0.62
48714,1,1,Radial Velocity,0.07205,0.58
5158,1,2,Radial Velocity,1.44,0.78
54373,1,2,Radial Velocity,0.02712,0.57
54597,1,1,Radial Velocity,2.4,0.8
55507,1,1,Radial Velocity,8.135,0.65
56640,1,1,Radial Velocity,3.67,1.04
57274,1,3,Radial Velocity,0.0365,0.71
5763,1,1,Radial Velocity,0.51,0.72
63242,1,1,Radial Velocity,9.18,1.54
65,2,1,Transit,2.95,0.74
65407,1,2,Radial Velocity,0.428,0.93
65426,1,1,Imaging,9.0,1.96
65891,1,1,Radial Velocity,6.0,2.5
66074,1,1,Astrometry,5.0,0.7
67522,1,2,Transit,,
67537,1,1,Radial Velocity,13.7,2.41
67851,1,2,Radial Velocity,1.568,1.9
70849,2,1,Radial Velocity,4.5,0.65
71135,1,1,Radial Velocity,0.05915,0.66
74890,1,1,Radial Velocity,2.4,1.74
75092,1,1,Radial Velocity,1.79,1.28
77900,1,1,Imaging,21.0,
78530,1,1,Imaging,24.0,2.5
79098,2,1,Imaging,20.5,3.75
79431,1,1,Radial Velocity,2.1,0.49
81208,3,1,Imaging,14.8,0.14
8152,1,2,Transit,0.02454,0.91
86221,1,1,Radial Velocity,0.71,0.79
90988,1,1,Radial Velocity,2.102,1.61
91258,1,1,Radial Velocity,1.09,0.97
94235,2,1,Transit,,1.1
948,1,1,Radial Velocity,20.6,0.71
9618,1,2,Transit,0.02643,0.93
97166,1,2,Transit,0.0601,0.93
97233,1,1,Radial Velocity,22.6,1.74
99770,1,1,Imaging,16.1,1.85
71253,1,1,Radial Velocity,0.01718,0.29
107350,1,1,Imaging,21.9987,
32775,1,1,Imaging,30.0,1.3
67246,2,1,Radial Velocity,3.16,1.1
12653,1,1,Radial Velocity,2.26,1.03
13363,2,3,Transit,,1.15
114189,1,4,Imaging,,1.51
110620,1,1,Transit,,0.73
110758,1,1,Transit,,
109656,1,1,Transit,,
52733,1,1,Transit,0.195,1.44
29301,2,1,Transit,,
96618,1,1,Transit,,1.76
52796,2,1,Transit,,
51260,3,1,Transit,,
24323,1,1,Transit,,1.76
101252,2,1,Transit,,
24186,1,1,Radial Velocity,0.022,0.28
94112,2,1,Transit,,1.24
94931,3,5,Transit,,0.69
115211,1,1,Transit,0.01447,0.62
28754,1,1,Transit,0.02737,0.5
14101,3,2,Transit,0.00692,0.26
117883,1,1,Transit,,
104513,1,1,Transit,,1.9
25793,1,1,Imaging,,1.5
92680,1,1,Imaging,27.0,1.36
70890,3,1,Radial Velocity,0.004,0.12
57548,1,1,Radial Velocity,0.0044,0.17
63510,2,1,Imaging,6.0,
62908,1,1,Transit,,1.16
24718,1,1,Transit,,0.85
76042,1,1,Transit,0.00629,0.6
70705,1,1,Transit,,
20528,1,1,Transit,,0.69
53688,1,1,Transit,0.0044,0.92
54491,1,1,Transit,,
57099,2,1,Transit,,
65469,1,1,Transit,0.00768,0.8
47288,1,1,Transit,0.40588,1.25
738,1,1,Transit,,
27515,1,1,Transit,,
74981,1,1,Transit,,
83827,1,1,Transit,,
86040,1,1,Transit,,
4739,1,1,Transit,,
10117,1,1,Transit,,0.91
26013,1,3,Transit,0.00966,0.78
19950,1,1,Transit,,
6069,1,1,Transit,,
18841,1,1,Transit,,
13224,1,1,Transit,3.87,1.41
27849,1,1,Transit,0.06544,1.28
15683,2,1,Transit,,
34271,1,1,Transit,,1.0
73427,1,2,Transit,,
7562,2,2,Transit,10.4,1.46
73608,1,1,Transit,,
11397,2,1,Transit,,1.65
80824,1,3,Radial Velocity,0.00601,0.29
67285,1,1,Transit,,0.69
5643,1,3,Radial Velocity,0.00236,0.13
9884,1,1,Radial Velocity,1.8,1.5
21421,2,1,Radial Velocity,6.47,1.13
40526,2,1,Radial Velocity,7.8,1.7
27321,1,2,Imaging,,1.95
72607,1,1,Radial Velocity,6.1,1.4
78159,1,1,Radial Velocity,6.7,1.7
16537,1,1,Radial Velocity,0.651,0.81
108870,3,1,Radial Velocity,6.31,0.76
20889,1,1,Radial Velocity,7.19,2.57
116727,2,1,Radial Velocity,6.6,1.27
76333,1,2,Radial Velocity,1.126,1.78
50583,2,1,Radial Velocity,8.78,1.23
75458,1,2,Radial Velocity,8.82,1.05
116805,1,1,Imaging,12.8,2.45
77655,1,1,Radial Velocity,2.17,
48455,1,1,Radial Velocity,2.4,1.5
107089,2,1,Radial Velocity,2.11,1.61
88048,1,2,Radial Velocity,22.206,2.7
77578,2,1,Radial Velocity,0.736,1.01
75049,1,1,Radial Velocity,1.12,1.3
41704,2,1,Radial Velocity,4.1,3.09
86620,3,1,Radial Velocity,1.53,1.19
78459,1,4,Radial Velocity,1.093,0.95
67275,2,1,Radial Velocity,4.32,1.32
8102,1,4,Radial Velocity,0.01237,0.78
34693,1,1,Radial Velocity,20.6,2.3
7513,2,3,Radial Velocity,0.68,1.2
97938,1,1,Radial Velocity,2.02,1.4
